team,player,is_overseas,role,matches,runs,balls_faced,fours,sixes,innings_batted,dismissals,ducks,low_score_le_5,score_25_plus,score_40_plus,score_60_plus,score_80_plus,score_100_plus,balls_bowled,runs_conceded,wickets,dot_balls,maidens,wides,no_balls,bowled_lbw_wickets,wickets_2_plus,wickets_3_plus,wickets_4_plus,wickets_5_plus,wickets_6_plus,catches,stumpings,runouts,two_catch_games
Chennai Super Kings,Kartik Sharma,False,wicketkeeper,7.6,24.7,21.0,0.9,1.8,3.75,1.9,0.0,3.0,0.3,0.0,0.0,0.0,0.0,90.0,128.0,7.0,24.0,0.0,1.0,0.0,0.0,2.0,2.0,0.0,0.0,0.0,1.0,0.0,0.0,0.0
Chennai Super Kings,Prashant Veer,False,all_rounder,0.0,0.0,0.0,0.0,0.0,0.0,0.0,0.0,0.0,0.0,0.0,0.0,0.0,0.0,0.0,0.0,0.0,0.0,0.0,0.0,0.0,0.0,0.0,0.0,0.0,0.0,0.0,0.0,0.0,0.0,0.0
Chennai Super Kings,Rahul Chahar,False,bowler,1.0,0.0,0.0,0.0,0.0,0.0,0.0,0.0,0.0,0.0,0.0,0.0,0.0,0.0,6.0,9.0,0.0,2.0,0.0,0.0,0.0,0.0,0.0,0.0,0.0,0.0,0.0,0.0,0.0,0.0,0.0
Chennai Super Kings,Akeal Hosein,True,all_rounder,74.0,317.0,237.0,16.0,21.0,35.0,16.0,4.0,21.0,2.0,1.0,0.0,0.0,0.0,1490.0,1911.0,70.0,594.0,3.0,27.0,6.0,21.0,17.0,6.0,0.0,0.0,0.0,8.0,0.0,4.0,0.0
Chennai Super Kings,Matt Henry,True,bowler,41.0,88.0,85.0,7.0,2.0,17.0,11.0,2.0,7.0,0.0,0.0,0.0,0.0,0.0,795.0,1026.0,58.0,375.0,4.0,24.0,3.0,8.0,18.0,7.0,2.0,1.0,0.0,13.0,0.0,3.0,1.0
Chennai Super Kings,Matthew Short,True,all_rounder,56.0,1787.0,1279.0,170.0,76.0,56.0,53.0,2.0,10.0,30.0,18.0,11.0,4.0,1.0,536.0,755.0,23.0,153.0,0.0,24.0,1.0,6.0,5.0,4.0,1.0,0.0,0.0,33.0,0.0,4.0,7.0
Chennai Super Kings,Aman Khan,False,all_rounder,102.0,1102.0,845.0,83.0,64.0,78.0,63.0,8.0,29.0,13.0,6.0,3.0,0.0,0.0,957.0,1366.0,53.0,338.0,0.0,76.0,4.0,16.0,12.0,5.0,1.0,1.0,1.0,30.0,3.0,5.0,4.0
Chennai Super Kings,Sarfaraz Khan,False,batter,61.0,805.0,572.0,66.0,41.0,52.0,42.0,3.0,16.0,15.0,6.0,0.0,0.0,0.0,969.0,1363.0,53.0,298.0,0.0,38.0,4.0,14.0,15.0,6.0,2.0,0.0,0.0,19.0,0.0,3.0,1.0
Chennai Super Kings,Zakary Foulkes,False,bowler,35.0,146.0,114.0,13.0,6.0,21.0,12.0,0.0,13.0,0.0,0.0,0.0,0.0,0.0,699.0,984.0,35.0,277.0,2.0,63.0,5.0,14.0,9.0,2.0,0.0,0.0,0.0,8.0,0.0,0.0,1.0
Chennai Super Kings,Sanju Samson,False,wicketkeeper,30.0,874.0,573.0,76.0,51.0,30.0,29.0,1.0,5.0,12.0,7.0,4.0,3.0,0.0,0.0,0.0,0.0,0.0,0.0,0.0,0.0,0.0,0.0,0.0,0.0,0.0,0.0,21.0,3.0,2.0,6.0
Chennai Super Kings,Ruturaj Gaikwad,False,batter,5.0,122.0,81.0,14.0,4.0,5.0,5.0,1.0,3.0,2.0,2.0,1.0,0.0,0.0,0.0,0.0,0.0,0.0,0.0,0.0,0.0,0.0,0.0,0.0,0.0,0.0,0.0,3.0,0.0,0.0,0.0
Chennai Super Kings,Ayush Mhatre,False,batter,7.0,240.0,127.0,31.0,11.0,7.0,7.0,1.0,1.0,5.0,2.0,1.0,1.0,0.0,0.0,0.0,0.0,0.0,0.0,0.0,0.0,0.0,0.0,0.0,0.0,0.0,0.0,4.0,0.0,0.0,0.0
Chennai Super Kings,M.S. Dhoni,False,wicketkeeper,13.0,196.0,145.0,12.0,12.0,13.0,8.0,0.0,3.0,4.0,0.0,0.0,0.0,0.0,0.0,0.0,0.0,0.0,0.0,0.0,0.0,0.0,0.0,0.0,0.0,0.0,0.0,6.0,5.0,2.0,0.0
Chennai Super Kings,Dewald Brevis,True,batter,59.0,1721.0,1013.0,94.0,143.0,58.0,49.0,1.0,5.0,28.0,16.0,5.0,2.0,2.0,30.0,39.0,3.0,9.0,0.0,1.0,0.0,0.0,0.0,0.0,0.0,0.0,0.0,38.0,0.0,3.0,7.0
Chennai Super Kings,Urvil Patel,False,wicketkeeper,11.0,118.0,83.0,10.0,8.0,11.0,11.0,3.0,6.0,2.0,0.0,0.0,0.0,0.0,0.0,0.0,0.0,0.0,0.0,0.0,0.0,0.0,0.0,0.0,0.0,0.0,0.0,6.0,4.0,2.0,1.0
Chennai Super Kings,Shivam Dube,False,all_rounder,43.0,900.0,581.0,59.0,60.0,38.0,28.0,1.0,5.0,16.0,9.0,2.0,0.0,0.0,263.0,453.0,20.0,78.0,0.0,23.0,6.0,3.0,6.0,1.0,0.0,0.0,0.0,14.0,0.0,0.0,4.0
Chennai Super Kings,Jamie Overton,True,all_rounder,72.0,419.0,318.0,33.0,15.0,48.0,31.0,6.0,24.0,4.0,0.0,0.0,0.0,0.0,1343.0,1891.0,78.0,546.0,5.0,73.0,1.0,14.0,23.0,7.0,0.0,0.0,0.0,51.0,0.0,3.0,11.0
Chennai Super Kings,Ramakrishna Ghosh,False,all_rounder,1.0,0.0,0.0,0.0,0.0,0.0,0.0,0.0,0.0,0.0,0.0,0.0,0.0,0.0,6.0,9.0,0.0,2.0,0.0,0.0,0.0,0.0,0.0,0.0,0.0,0.0,0.0,0.0,0.0,0.0,0.0
Chennai Super Kings,Noor Ahmad,True,bowler,92.0,290.0,274.0,20.0,13.0,36.0,30.0,7.0,20.0,3.0,2.0,0.0,0.0,0.0,1924.0,2561.0,121.0,745.0,2.0,98.0,16.0,48.0,35.0,17.0,8.0,1.0,0.0,26.0,0.0,2.0,2.0
Chennai Super Kings,Khaleel Ahmed,False,bowler,52.0,406.0,332.0,31.0,18.0,27.0,21.0,5.0,9.0,8.0,2.0,1.0,0.0,0.0,753.0,1111.0,44.0,302.0,1.0,25.0,8.0,6.0,12.0,5.0,3.0,0.0,0.0,26.0,2.0,11.0,6.0
Chennai Super Kings,Anshul Kamboj,False,bowler,8.0,14.0,12.0,2.0,0.0,5.0,2.0,1.0,5.0,0.0,0.0,0.0,0.0,0.0,129.0,172.0,8.0,55.0,0.0,0.0,1.0,4.0,1.0,1.0,0.0,0.0,0.0,1.0,0.0,0.0,0.0
Chennai Super Kings,Gurjapneet Singh,False,bowler,17.8,202.0,231.5,14.0,2.0,12.25,11.0,0.0,6.0,3.0,2.0,1.0,0.0,0.0,356.4,474.4,11.9,152.0,2.0,12.9,1.0,2.0,3.3,1.0,0.0,0.0,0.0,2.0,0.0,2.0,0.0
Chennai Super Kings,Shreyas Gopal,False,all_rounder,0.0,0.0,0.0,0.0,0.0,0.0,0.0,0.0,0.0,0.0,0.0,0.0,0.0,0.0,0.0,0.0,0.0,0.0,0.0,0.0,0.0,0.0,0.0,0.0,0.0,0.0,0.0,0.0,0.0,0.0,0.0
Chennai Super Kings,Mukesh Choudhary,False,bowler,2.0,0.0,0.0,0.0,0.0,0.0,0.0,0.0,0.0,0.0,0.0,0.0,0.0,0.0,36.0,71.0,1.0,11.0,0.0,0.0,0.0,1.0,0.0,0.0,0.0,0.0,0.0,0.0,0.0,0.0,0.0
Chennai Super Kings,Nathan Ellis,True,bowler,33.0,94.0,82.0,8.0,4.0,13.0,5.0,2.0,9.0,1.0,1.0,0.0,0.0,0.0,701.0,982.0,47.0,235.0,1.0,30.0,5.0,14.0,14.0,7.0,1.0,0.0,0.0,6.0,0.0,4.0,0.0
Mumbai Indians,Quinton de Kock,True,wicketkeeper,65.0,1734.0,1220.0,150.0,93.0,65.0,63.0,6.0,17.0,24.0,18.0,9.0,3.0,1.0,0.0,0.0,0.0,0.0,0.0,0.0,0.0,0.0,0.0,0.0,0.0,0.0,0.0,58.0,4.0,9.0,14.0
Mumbai Indians,Mohammad Izhar,False,batter,0.0,0.0,0.0,0.0,0.0,0.0,0.0,0.0,0.0,0.0,0.0,0.0,0.0,0.0,0.0,0.0,0.0,0.0,0.0,0.0,0.0,0.0,0.0,0.0,0.0,0.0,0.0,0.0,0.0,0.0,0.0
Mumbai Indians,Danish Malewar,False,batter,0.0,0.0,0.0,0.0,0.0,0.0,0.0,0.0,0.0,0.0,0.0,0.0,0.0,0.0,0.0,0.0,0.0,0.0,0.0,0.0,0.0,0.0,0.0,0.0,0.0,0.0,0.0,0.0,0.0,0.0,0.0
Mumbai Indians,Atharva Ankolekar,False,all_rounder,0.0,0.0,0.0,0.0,0.0,0.0,0.0,0.0,0.0,0.0,0.0,0.0,0.0,0.0,0.0,0.0,0.0,0.0,0.0,0.0,0.0,0.0,0.0,0.0,0.0,0.0,0.0,0.0,0.0,0.0,0.0
Mumbai Indians,Mayank Rawat,False,all_rounder,0.2,0.0,0.0,0.0,0.0,0.0,0.0,0.0,0.0,0.0,0.0,0.0,0.0,0.0,1.8,1.2,0.0,0.0,0.0,0.0,0.0,0.0,0.0,0.0,0.0,0.0,0.0,0.0,0.0,0.0,0.0
Mumbai Indians,Sherfane Rutherford,True,batter,79.0,1791.0,1175.0,134.0,114.0,79.0,60.0,9.0,17.0,34.0,16.0,3.0,1.0,0.0,102.0,196.0,8.0,23.0,0.0,22.0,2.0,0.0,2.0,1.0,1.0,0.0,0.0,26.0,0.0,4.0,2.0
Mumbai Indians,Mayank Markande,False,bowler,0.0,0.0,0.0,0.0,0.0,0.0,0.0,0.0,0.0,0.0,0.0,0.0,0.0,0.0,0.0,0.0,0.0,0.0,0.0,0.0,0.0,0.0,0.0,0.0,0.0,0.0,0.0,0.0,0.0,0.0,0.0
Mumbai Indians,Shardul Thakur,False,all_rounder,10.0,18.0,12.0,3.0,0.0,5.0,3.0,1.0,4.0,0.0,0.0,0.0,0.0,0.0,204.0,375.0,13.0,60.0,0.0,21.0,1.0,1.0,4.0,1.0,1.0,0.0,0.0,4.0,0.0,0.0,0.0
Mumbai Indians,Hardik Pandya,False,all_rounder,44.0,812.0,507.0,57.0,51.0,36.0,29.0,1.0,10.0,15.0,9.0,1.0,0.0,0.0,696.0,1065.0,39.0,257.0,1.0,44.0,4.0,3.0,9.0,1.0,1.0,1.0,0.0,13.0,0.0,4.0,2.0
Mumbai Indians,Rohit Sharma,False,batter,19.0,500.0,337.0,47.0,26.0,19.0,16.0,1.0,2.0,6.0,4.0,3.0,1.0,0.0,0.0,0.0,0.0,0.0,0.0,0.0,0.0,0.0,0.0,0.0,0.0,0.0,0.0,3.0,0.0,0.0,1.0
Mumbai Indians,Suryakumar Yadav,False,batter,57.0,1498.0,967.0,133.0,76.0,54.0,43.0,5.0,12.0,28.0,15.0,6.0,2.0,0.0,102.0,113.0,7.0,47.0,0.0,4.0,0.0,4.0,1.0,0.0,0.0,0.0,0.0,19.0,0.0,2.0,2.0
Mumbai Indians,Tilak Varma,False,batter,40.0,1117.0,821.0,82.0,52.0,40.0,30.0,2.0,7.0,25.0,9.0,4.0,0.0,0.0,27.0,29.0,2.0,10.0,0.0,0.0,0.0,0.0,0.0,0.0,0.0,0.0,0.0,30.0,0.0,0.0,6.0
Mumbai Indians,Ryan Rickleton,False,wicketkeeper,0.0,0.0,0.0,0.0,0.0,0.0,0.0,0.0,0.0,0.0,0.0,0.0,0.0,0.0,0.0,0.0,0.0,0.0,0.0,0.0,0.0,0.0,0.0,0.0,0.0,0.0,0.0,0.0,0.0,0.0,0.0
Mumbai Indians,Robin Minz,False,wicketkeeper,2.0,6.0,15.0,0.0,0.0,2.0,2.0,0.0,2.0,0.0,0.0,0.0,0.0,0.0,0.0,0.0,0.0,0.0,0.0,0.0,0.0,0.0,0.0,0.0,0.0,0.0,0.0,0.0,0.0,0.0,0.0
Mumbai Indians,Mitchell Santner,True,all_rounder,55.0,540.0,386.0,40.0,27.0,38.0,22.0,1.0,14.0,7.0,4.0,0.0,0.0,0.0,1135.0,1490.0,54.0,364.0,1.0,47.0,0.0,12.0,15.0,6.0,0.0,0.0,0.0,19.0,0.0,4.0,1.0
Mumbai Indians,Corbin Bosch,True,all_rounder,60.0,233.0,212.0,17.0,6.0,30.0,19.0,2.0,16.0,2.0,0.0,0.0,0.0,0.0,1177.0,1679.0,79.0,452.0,2.0,60.0,12.0,13.0,24.0,11.0,4.0,1.0,0.0,19.0,0.0,5.0,2.0
Mumbai Indians,Naman Dhir,False,all_rounder,13.0,254.1,139.8,25.3,13.0,12.25,8.3,1.0,1.0,4.0,1.0,0.0,0.0,0.0,34.8,45.9,0.3,8.0,0.0,0.0,0.0,0.0,0.0,0.0,0.0,0.0,0.0,12.0,0.0,0.0,3.0
Mumbai Indians,Jasprit Bumrah,False,bowler,35.0,4.0,5.0,1.0,0.0,4.0,3.0,2.0,4.0,0.0,0.0,0.0,0.0,0.0,789.0,925.0,50.0,347.0,0.0,32.0,3.0,23.0,16.0,5.0,2.0,0.0,0.0,5.0,0.0,1.0,0.0
Mumbai Indians,Trent Boult,True,bowler,56.0,66.0,50.0,3.0,4.0,13.0,6.0,1.0,7.0,0.0,0.0,0.0,0.0,0.0,1202.0,1689.0,62.0,469.0,1.0,43.0,4.0,21.0,17.0,6.0,2.0,0.0,0.0,5.0,0.0,0.0,0.0
Mumbai Indians,Allah Ghafanzar,False,bowler,0.0,0.0,0.0,0.0,0.0,0.0,0.0,0.0,0.0,0.0,0.0,0.0,0.0,0.0,0.0,0.0,0.0,0.0,0.0,0.0,0.0,0.0,0.0,0.0,0.0,0.0,0.0,0.0,0.0,0.0,0.0
Mumbai Indians,Ashwani Kumar,False,bowler,27.4,9.0,11.0,2.0,0.0,4.0,3.0,2.0,3.0,0.0,0.0,0.0,0.0,0.0,552.6,814.0,35.2,182.0,0.0,36.5,4.3,4.0,9.3,3.0,1.0,0.0,0.0,6.0,0.0,2.0,0.0
Mumbai Indians,Deepak Chahar,False,bowler,14.0,37.0,25.0,3.0,2.0,4.0,1.0,1.0,2.0,1.0,0.0,0.0,0.0,0.0,246.0,376.0,11.0,106.0,1.0,20.0,2.0,0.0,2.0,0.0,0.0,0.0,0.0,2.0,0.0,1.0,0.0
Mumbai Indians,Will Jacks,True,all_rounder,57.0,1502.0,987.0,144.0,69.0,53.0,46.0,3.0,10.0,25.0,14.0,5.0,2.0,1.0,563.0,736.0,33.0,219.0,1.0,19.0,1.0,8.0,10.0,2.0,0.0,0.0,0.0,32.0,0.0,1.0,4.0
Mumbai Indians,Raghu Sharma,False,bowler,0.0,0.0,0.0,0.0,0.0,0.0,0.0,0.0,0.0,0.0,0.0,0.0,0.0,0.0,0.0,0.0,0.0,0.0,0.0,0.0,0.0,0.0,0.0,0.0,0.0,0.0,0.0,0.0,0.0,0.0,0.0
Mumbai Indians,Raj Angad Bawa,False,all_rounder,2.0,13.0,9.0,0.0,0.0,2.0,1.0,0.0,1.0,0.0,0.0,0.0,0.0,0.0,0.0,0.0,0.0,0.0,0.0,0.0,0.0,0.0,0.0,0.0,0.0,0.0,0.0,3.0,0.0,1.0,0.0
Kolkata Knight Riders,Cameron Green,True,all_rounder,94.0,1228.0,857.0,88.0,52.0,78.0,50.0,3.0,20.0,20.0,3.0,0.0,0.0,0.0,1381.0,1850.0,77.0,428.0,1.0,48.0,4.0,13.0,24.0,12.0,1.0,0.0,0.0,55.0,1.0,5.0,11.0
Kolkata Knight Riders,Matheesha Pathirana,True,bowler,33.0,9.0,13.0,0.0,0.0,5.0,2.0,1.0,5.0,0.0,0.0,0.0,0.0,0.0,674.0,1054.0,34.0,214.0,1.0,96.0,3.0,8.0,11.0,2.0,0.0,0.0,0.0,7.0,0.0,2.0,0.0
Kolkata Knight Riders,Mustafizur Rahman,True,bowler,95.0,798.0,646.0,54.0,49.0,51.0,37.0,5.0,13.0,8.0,3.0,3.0,1.0,0.0,1886.0,2312.0,104.0,755.0,6.0,77.0,8.0,20.0,29.0,11.0,1.0,0.0,0.0,38.0,0.0,6.0,8.0
Kolkata Knight Riders,Tejasvi Singh,False,bowler,32.0,595.0,396.0,59.0,31.0,29.0,24.0,0.0,6.0,8.0,4.0,1.0,1.0,0.0,408.0,442.0,25.0,172.0,1.0,17.0,1.0,7.0,9.0,2.0,1.0,0.0,0.0,13.0,0.0,1.0,1.0
Kolkata Knight Riders,Finn Allen,True,wicketkeeper,60.0,1843.0,969.0,143.0,141.0,60.0,53.0,4.0,9.0,26.0,17.0,9.0,5.0,3.0,42.0,62.0,1.0,13.0,0.0,1.0,0.0,0.0,0.0,0.0,0.0,0.0,0.0,29.0,1.0,3.0,5.0
Kolkata Knight Riders,Tim Seifert,True,wicketkeeper,73.0,2132.0,1423.0,210.0,102.0,73.0,66.0,4.0,13.0,35.0,18.0,9.0,4.0,2.0,0.0,0.0,0.0,0.0,0.0,0.0,0.0,0.0,0.0,0.0,0.0,0.0,0.0,35.0,10.0,12.0,8.0
Kolkata Knight Riders,Rahul Tripathi,False,batter,15.0,179.0,207.0,18.0,3.0,14.0,14.0,2.0,6.0,3.0,0.0,0.0,0.0,0.0,8.0,4.0,2.0,5.0,0.0,1.0,0.0,1.0,1.0,0.0,0.0,0.0,0.0,1.0,0.0,0.0,0.0
Kolkata Knight Riders,Kartik Tyagi,False,bowler,14.6,39.0,47.0,2.0,2.0,11.0,6.0,1.0,9.0,0.0,0.0,0.0,0.0,0.0,277.8,368.3,16.2,110.0,0.0,28.2,3.3,4.0,4.3,0.3,0.0,0.0,0.0,5.0,0.0,1.0,1.0
Kolkata Knight Riders,Daksh Kamra,False,bowler,0.0,0.0,0.0,0.0,0.0,0.0,0.0,0.0,0.0,0.0,0.0,0.0,0.0,0.0,0.0,0.0,0.0,0.0,0.0,0.0,0.0,0.0,0.0,0.0,0.0,0.0,0.0,0.0,0.0,0.0,0.0
Kolkata Knight Riders,Sarthak Ranjan,False,all_rounder,0.0,0.0,0.0,0.0,0.0,0.0,0.0,0.0,0.0,0.0,0.0,0.0,0.0,0.0,0.0,0.0,0.0,0.0,0.0,0.0,0.0,0.0,0.0,0.0,0.0,0.0,0.0,0.0,0.0,0.0,0.0
Kolkata Knight Riders,Prashant Solanki,False,bowler,0.0,0.0,0.0,0.0,0.0,0.0,0.0,0.0,0.0,0.0,0.0,0.0,0.0,0.0,0.0,0.0,0.0,0.0,0.0,0.0,0.0,0.0,0.0,0.0,0.0,0.0,0.0,0.0,0.0,0.0,0.0
Kolkata Knight Riders,Akashdeep,False,bowler,0.0,0.0,0.0,0.0,0.0,0.0,0.0,0.0,0.0,0.0,0.0,0.0,0.0,0.0,0.0,0.0,0.0,0.0,0.0,0.0,0.0,0.0,0.0,0.0,0.0,0.0,0.0,0.0,0.0,0.0,0.0
Kolkata Knight Riders,Rachin Ravindra,True,all_rounder,50.0,1158.0,776.0,112.0,46.0,49.0,44.0,2.0,11.0,21.0,12.0,4.0,0.0,0.0,311.0,420.0,23.0,119.0,1.0,9.0,2.0,5.0,6.0,2.0,1.0,0.0,0.0,16.0,0.0,1.0,0.0
Kolkata Knight Riders,Ajinkya Rahane,False,batter,12.0,390.0,264.0,36.0,20.0,12.0,11.0,0.0,0.0,7.0,4.0,1.0,0.0,0.0,0.0,0.0,0.0,0.0,0.0,0.0,0.0,0.0,0.0,0.0,0.0,0.0,0.0,5.0,0.0,0.0,0.0
Kolkata Knight Riders,Sunil Narine,False,all_rounder,57.0,425.0,283.0,37.0,31.0,35.0,30.0,5.0,17.0,8.0,2.0,0.0,0.0,0.0,1332.0,1453.0,44.0,504.0,3.0,31.0,4.0,16.0,12.0,4.0,0.0,0.0,0.0,14.0,0.0,2.0,1.0
Kolkata Knight Riders,Rinku Singh,False,batter,42.0,577.0,428.0,49.0,27.0,40.0,27.0,3.0,11.0,8.0,3.0,0.0,0.0,0.0,142.0,210.0,6.0,48.0,0.0,6.0,0.0,2.0,1.0,0.0,0.0,0.0,0.0,44.0,0.0,3.0,7.0
Kolkata Knight Riders,Angkrish Raghuvanshi,False,batter,11.0,300.0,215.0,30.0,8.0,11.0,9.0,0.0,2.0,7.0,3.0,0.0,0.0,0.0,0.0,0.0,0.0,0.0,0.0,0.0,0.0,0.0,0.0,0.0,0.0,0.0,0.0,2.0,0.0,0.0,0.0
Kolkata Knight Riders,Manish Pandey,False,batter,11.0,252.0,224.0,18.0,9.0,11.0,9.0,0.0,2.0,5.0,1.0,0.0,0.0,0.0,42.0,59.0,2.0,15.0,0.0,1.0,0.0,1.0,0.0,0.0,0.0,0.0,0.0,0.0,0.0,3.0,0.0
Kolkata Knight Riders,Varun Chakravarthy,False,bowler,43.0,4.0,12.0,0.0,0.0,9.0,2.0,2.0,9.0,0.0,0.0,0.0,0.0,0.0,960.0,1253.0,71.0,366.0,1.0,18.0,0.0,32.0,24.0,6.0,2.0,1.0,0.0,9.0,0.0,0.0,1.0
Kolkata Knight Riders,Ramandeep Singh,False,all_rounder,8.8,68.0,46.1,2.5,5.5,7.75,5.3,1.0,4.0,0.3,0.0,0.0,0.0,0.0,30.0,51.6,1.5,0.0,0.0,3.9,0.0,0.0,0.3,0.0,0.0,0.0,0.0,5.0,0.0,0.0,1.0
Kolkata Knight Riders,Ankul Roy,False,all_rounder,44.0,995.0,795.0,92.0,35.0,44.0,41.0,3.0,14.0,17.0,8.0,4.0,1.0,0.0,24.0,27.0,1.0,8.0,0.0,1.0,0.0,0.0,0.0,0.0,0.0,0.0,0.0,34.0,0.0,3.0,6.0
Kolkata Knight Riders,Rovman Powell,True,batter,61.0,1313.0,859.0,88.0,87.0,61.0,44.0,3.0,17.0,24.0,11.0,3.0,1.0,0.0,6.0,21.0,0.0,0.0,0.0,0.0,0.0,0.0,0.0,0.0,0.0,0.0,0.0,28.0,0.0,2.0,5.0
Kolkata Knight Riders,Harshit Rana,False,bowler,21.0,114.0,107.0,9.0,5.0,10.0,6.0,0.0,5.0,2.0,0.0,0.0,0.0,0.0,432.0,745.0,24.0,163.0,1.0,13.0,3.0,6.0,8.0,2.0,0.0,0.0,0.0,9.0,0.0,0.0,1.0
Kolkata Knight Riders,Vaibhav Arora,False,bowler,12.0,0.0,8.0,0.0,0.0,2.0,2.0,2.0,2.0,0.0,0.0,0.0,0.0,0.0,255.0,430.0,17.0,93.0,1.0,17.0,0.0,3.0,4.0,2.0,0.0,0.0,0.0,4.0,0.0,2.0,1.0
Kolkata Knight Riders,Umran Malik,False,bowler,2.8,17.6,17.7,0.3,0.3,1.25,1.3,0.0,0.0,0.0,0.0,0.0,0.0,0.0,26.4,64.4,0.3,3.0,0.0,1.2,0.3,0.0,0.0,0.0,0.0,0.0,0.0,1.0,0.0,0.0,0.0
Royal Challengers Bengaluru,Venkatesh Iyer,False,all_rounder,7.0,142.0,102.0,15.0,4.0,7.0,7.0,0.0,1.0,2.0,2.0,1.0,0.0,0.0,0.0,0.0,0.0,0.0,0.0,0.0,0.0,0.0,0.0,0.0,0.0,0.0,0.0,4.0,0.0,1.0,1.0
Royal Challengers Bengaluru,Mangesh Yadav,False,bowler,8.2,84.0,94.0,5.0,2.0,6.0,4.0,0.0,2.0,2.0,0.0,0.0,0.0,0.0,71.4,130.4,4.6,24.0,0.0,5.9,0.0,3.0,2.3,0.0,0.0,0.0,0.0,3.0,0.0,0.0,1.0
Royal Challengers Bengaluru,Jacob Duffy,True,bowler,51.0,64.0,50.0,2.0,3.0,16.0,8.0,3.0,13.0,0.0,0.0,0.0,0.0,0.0,1050.0,1484.0,68.0,461.0,1.0,64.0,2.0,12.0,21.0,7.0,3.0,0.0,0.0,11.0,0.0,1.0,2.0
Royal Challengers Bengaluru,Satwik Deswal,False,bowler,0.0,0.0,0.0,0.0,0.0,0.0,0.0,0.0,0.0,0.0,0.0,0.0,0.0,0.0,0.0,0.0,0.0,0.0,0.0,0.0,0.0,0.0,0.0,0.0,0.0,0.0,0.0,0.0,0.0,0.0,0.0
Royal Challengers Bengaluru,Jordan Cox,True,wicketkeeper,60.0,1599.0,1139.0,136.0,66.0,60.0,47.0,4.0,15.0,25.0,16.0,6.0,3.0,1.0,0.0,0.0,0.0,0.0,0.0,0.0,0.0,0.0,0.0,0.0,0.0,0.0,0.0,45.0,3.0,6.0,9.0
Royal Challengers Bengaluru,Vihaan Malhotra,False,batter,0.0,0.0,0.0,0.0,0.0,0.0,0.0,0.0,0.0,0.0,0.0,0.0,0.0,0.0,0.0,0.0,0.0,0.0,0.0,0.0,0.0,0.0,0.0,0.0,0.0,0.0,0.0,0.0,0.0,0.0,0.0
Royal Challengers Bengaluru,Kanishk Chouhan,False,all_rounder,0.0,0.0,0.0,0.0,0.0,0.0,0.0,0.0,0.0,0.0,0.0,0.0,0.0,0.0,0.0,0.0,0.0,0.0,0.0,0.0,0.0,0.0,0.0,0.0,0.0,0.0,0.0,0.0,0.0,0.0,0.0
Royal Challengers Bengaluru,Vicky Ostwal,False,bowler,0.0,0.0,0.0,0.0,0.0,0.0,0.0,0.0,0.0,0.0,0.0,0.0,0.0,0.0,0.0,0.0,0.0,0.0,0.0,0.0,0.0,0.0,0.0,0.0,0.0,0.0,0.0,0.0,0.0,0.0,0.0
Royal Challengers Bengaluru,Rajat Patidar,False,batter,14.0,312.0,217.0,25.0,14.0,14.0,13.0,0.0,1.0,5.0,2.0,1.0,0.0,0.0,0.0,0.0,0.0,0.0,0.0,0.0,0.0,0.0,0.0,0.0,0.0,0.0,0.0,2.0,0.0,0.0,0.0
Royal Challengers Bengaluru,Virat Kohli,False,batter,15.0,657.0,454.0,66.0,19.0,15.0,12.0,0.0,1.0,11.0,10.0,5.0,0.0,0.0,0.0,0.0,0.0,0.0,0.0,0.0,0.0,0.0,0.0,0.0,0.0,0.0,0.0,3.0,0.0,2.0,0.0
Royal Challengers Bengaluru,Devdutt Padikkal,False,batter,10.0,247.0,164.0,22.0,14.0,10.0,9.0,1.0,3.0,5.0,3.0,1.0,0.0,0.0,0.0,0.0,0.0,0.0,0.0,0.0,0.0,0.0,0.0,0.0,0.0,0.0,0.0,1.0,0.0,0.0,0.0
Royal Challengers Bengaluru,Phil Salt,True,wicketkeeper,63.0,1795.0,1180.0,179.0,81.0,63.0,59.0,4.0,21.0,31.0,18.0,10.0,4.0,1.0,0.0,0.0,0.0,0.0,0.0,0.0,0.0,0.0,0.0,0.0,0.0,0.0,0.0,35.0,0.0,2.0,6.0
Royal Challengers Bengaluru,Jitesh Sharma,False,wicketkeeper,15.0,323.0,187.0,29.0,20.0,15.0,9.0,0.0,3.0,4.0,2.0,1.0,1.0,0.0,0.0,0.0,0.0,0.0,0.0,0.0,0.0,0.0,0.0,0.0,0.0,0.0,0.0,26.0,2.0,3.0,6.0
Royal Challengers Bengaluru,Krunal Pandya,False,all_rounder,15.0,109.0,86.0,9.0,4.0,7.0,6.0,1.0,4.0,1.0,1.0,1.0,0.0,0.0,276.0,379.0,17.0,83.0,0.0,9.0,0.0,2.0,5.0,2.0,1.0,0.0,0.0,6.0,0.0,0.0,0.0
Royal Challengers Bengaluru,Swapnil Singh,False,all_rounder,19.4,105.4,154.4,9.0,0.3,13.5,11.6,4.0,8.3,2.0,0.0,0.0,0.0,0.0,166.8,245.4,6.7,57.0,1.0,2.9,1.0,0.0,2.9,0.6,0.0,0.0,0.0,9.0,0.0,2.0,1.0
Royal Challengers Bengaluru,Tim David,True,batter,48.0,1237.0,719.0,86.0,94.0,48.0,34.0,2.0,9.0,19.0,11.0,6.0,2.0,1.0,30.0,43.0,0.0,7.0,0.0,1.0,0.0,0.0,0.0,0.0,0.0,0.0,0.0,33.0,0.0,6.0,9.0
Royal Challengers Bengaluru,Romario Shepherd,True,all_rounder,71.0,950.0,554.0,65.0,74.0,58.0,34.0,3.0,16.0,12.0,5.0,1.0,0.0,0.0,1021.0,1643.0,55.0,320.0,0.0,91.0,6.0,14.0,13.0,3.0,1.0,1.0,0.0,16.0,0.0,2.0,2.0
Royal Challengers Bengaluru,Jacob Bethell,True,all_rounder,41.0,899.0,628.0,76.0,48.0,41.0,37.0,1.0,8.0,12.0,6.0,2.0,2.0,1.0,193.0,281.0,15.0,57.0,0.0,10.0,0.0,1.0,4.0,1.0,1.0,0.0,0.0,24.0,0.0,3.0,5.0
Royal Challengers Bengaluru,Josh Hazlewood,True,bowler,19.0,0.0,2.0,0.0,0.0,2.0,0.0,0.0,2.0,0.0,0.0,0.0,0.0,0.0,426.0,585.0,34.0,197.0,0.0,6.0,0.0,4.0,11.0,6.0,1.0,0.0,0.0,2.0,0.0,0.0,0.0
Royal Challengers Bengaluru,Yash Dayal,False,bowler,21.0,57.0,54.0,2.0,2.0,8.0,4.0,1.0,6.0,1.0,0.0,0.0,0.0,0.0,401.0,594.0,18.0,137.0,0.0,12.0,4.0,7.0,4.0,1.0,1.0,0.0,0.0,5.0,0.0,0.0,0.0
Royal Challengers Bengaluru,Bhuvneshwar Kumar,False,bowler,18.0,19.0,37.0,1.0,0.0,8.0,5.0,0.0,7.0,0.0,0.0,0.0,0.0,0.0,402.0,633.0,18.0,146.0,0.0,13.0,2.0,2.0,4.0,1.0,0.0,0.0,0.0,7.0,0.0,1.0,1.0
Royal Challengers Bengaluru,Nuwan Thushara,True,bowler,22.0,1.0,13.0,0.0,0.0,3.0,0.0,0.0,3.0,0.0,0.0,0.0,0.0,0.0,473.0,731.0,16.0,140.0,2.0,21.0,4.0,6.0,3.0,1.0,0.0,0.0,0.0,2.0,0.0,0.0,1.0
Royal Challengers Bengaluru,Rasikh Salam,False,bowler,2.6,0.6,0.9,0.0,0.0,0.5,0.3,0.0,0.3,0.0,0.0,0.0,0.0,0.0,39.6,76.3,1.0,13.0,0.0,2.0,0.0,0.0,0.0,0.0,0.0,0.0,0.0,1.0,0.0,0.0,0.0
Royal Challengers Bengaluru,Abhinandan Singh,False,bowler,3.0,30.0,28.0,2.0,1.0,3.0,2.0,0.0,1.0,0.0,0.0,0.0,0.0,0.0,30.0,56.0,0.0,8.0,0.0,2.0,0.0,0.0,0.0,0.0,0.0,0.0,0.0,2.0,0.0,0.0,0.0
Royal Challengers Bengaluru,Suyash Sharma,False,bowler,37.0,37.0,26.0,0.0,3.0,7.0,5.0,2.0,4.0,0.0,0.0,0.0,0.0,0.0,803.2,1105.3,38.4,256.0,0.0,36.9,1.0,14.0,9.9,4.3,1.0,0.0,0.0,6.0,0.0,3.0,0.0
Punjab Kings,Cooper Connolly,True,all_rounder,29.0,415.0,316.0,27.0,24.0,28.0,23.0,6.0,13.0,6.0,3.0,1.0,0.0,0.0,408.0,501.0,22.0,154.0,0.0,14.0,0.0,10.0,5.0,1.0,0.0,0.0,0.0,15.0,0.0,0.0,3.0
Punjab Kings,Ben Dwarshuis,True,bowler,50.0,542.0,378.0,35.0,29.0,38.0,24.0,3.0,11.0,9.0,1.0,0.0,0.0,0.0,1070.0,1584.0,61.0,395.0,1.0,47.0,1.0,10.0,18.0,7.0,2.0,0.0,0.0,5.0,0.0,5.0,0.0
Punjab Kings,Praveen Dubey,False,bowler,1.0,0.0,0.0,0.0,0.0,0.0,0.0,0.0,0.0,0.0,0.0,0.0,0.0,0.0,12.0,20.0,1.0,3.0,0.0,0.0,0.0,0.0,0.0,0.0,0.0,0.0,0.0,1.0,0.0,0.0,0.0
Punjab Kings,Vishal Nishad,False,batter,0.0,0.0,0.0,0.0,0.0,0.0,0.0,0.0,0.0,0.0,0.0,0.0,0.0,0.0,0.0,0.0,0.0,0.0,0.0,0.0,0.0,0.0,0.0,0.0,0.0,0.0,0.0,0.0,0.0,0.0,0.0
Punjab Kings,Prabhsimran Singh,False,wicketkeeper,41.6,746.6,461.2,73.2,38.9,24.75,20.9,1.0,5.0,12.0,7.0,4.0,3.0,0.0,428.0,473.0,25.0,207.0,1.0,42.0,0.0,9.0,6.0,3.0,0.0,0.0,0.0,8.0,1.0,0.0,1.0
Punjab Kings,Priyansh Arya,False,batter,18.0,545.0,299.0,60.0,31.0,18.0,18.0,1.0,2.0,6.0,5.0,4.0,1.0,1.0,0.0,0.0,0.0,0.0,0.0,0.0,0.0,0.0,0.0,0.0,0.0,0.0,0.0,8.0,0.0,0.0,0.0
Punjab Kings,Shreyas Iyer,False,batter,17.0,604.0,345.0,43.0,39.0,17.0,12.0,1.0,3.0,10.0,7.0,4.0,3.0,0.0,0.0,0.0,0.0,0.0,0.0,0.0,0.0,0.0,0.0,0.0,0.0,0.0,0.0,7.0,0.0,0.0,1.0
Punjab Kings,Shashank Singh,False,batter,14.8,353.3,234.3,23.0,18.0,14.75,7.9,0.3,4.6,6.0,4.0,1.0,0.0,0.0,15.6,32.1,0.0,3.0,0.0,0.0,0.0,0.0,0.0,0.0,0.0,0.0,0.0,7.0,0.0,0.0,2.0
Punjab Kings,Nehal Wadhera,False,batter,15.0,369.0,253.0,28.0,21.0,15.0,12.0,0.0,3.0,6.0,4.0,2.0,0.0,0.0,5.0,9.0,0.0,1.0,0.0,0.0,0.0,0.0,0.0,0.0,0.0,0.0,0.0,6.0,0.0,0.0,0.0
Punjab Kings,Marcus Stoinis,True,all_rounder,62.0,1093.0,800.0,88.0,51.0,54.0,40.0,3.0,15.0,19.0,10.0,4.0,0.0,0.0,849.0,1302.0,49.0,275.0,2.0,68.0,5.0,10.0,15.0,2.0,0.0,0.0,0.0,16.0,0.0,3.0,0.0
Punjab Kings,Azmatullah Omarzai,True,all_rounder,29.0,459.0,336.0,33.0,22.0,24.0,20.0,0.0,5.0,7.0,4.0,0.0,0.0,0.0,498.0,784.0,28.0,176.0,0.0,28.0,0.0,6.0,8.0,3.0,1.0,0.0,0.0,4.0,0.0,1.0,0.0
Punjab Kings,Marco Jansen,True,all_rounder,55.0,475.0,373.0,30.0,28.0,35.0,24.0,2.0,16.0,6.0,3.0,0.0,0.0,0.0,1176.0,1626.0,71.0,501.0,2.0,57.0,3.0,12.0,21.0,7.0,4.0,0.0,0.0,20.0,0.0,0.0,2.0
Punjab Kings,Harpreet Brar,False,all_rounder,8.6,14.0,14.2,0.0,1.3,2.25,1.0,0.0,1.0,0.0,0.0,0.0,0.0,0.0,169.8,244.3,13.6,40.0,0.3,1.9,1.0,3.0,4.2,1.3,0.3,0.0,0.0,0.0,0.0,0.0,0.0
Punjab Kings,Yuzvendra Chahal,False,bowler,13.0,0.0,0.0,0.0,0.0,0.0,0.0,0.0,0.0,0.0,0.0,0.0,0.0,0.0,270.0,430.0,16.0,72.0,0.0,11.0,0.0,2.0,3.0,2.0,2.0,0.0,0.0,2.0,0.0,0.0,0.0
Punjab Kings,Arshdeep Singh,False,bowler,39.0,26.0,36.0,4.0,0.0,12.0,10.0,3.0,10.0,0.0,0.0,0.0,0.0,0.0,875.0,1302.0,55.0,338.0,1.0,68.0,0.0,10.0,17.0,7.0,1.0,1.0,0.0,8.0,0.0,1.0,0.0
Punjab Kings,Musheer Khan,False,all_rounder,23.0,199.0,149.0,11.0,14.0,19.0,11.0,3.0,7.0,2.0,1.0,0.0,0.0,0.0,129.0,207.0,8.0,43.0,0.0,6.0,3.0,2.0,2.0,0.0,0.0,0.0,0.0,11.0,0.0,1.0,1.0
Punjab Kings,Pyala Avinash,False,wicketkeeper,0.0,0.0,0.0,0.0,0.0,0.0,0.0,0.0,0.0,0.0,0.0,0.0,0.0,0.0,0.0,0.0,0.0,0.0,0.0,0.0,0.0,0.0,0.0,0.0,0.0,0.0,0.0,0.0,0.0,0.0,0.0
Punjab Kings,Harnoor Pannu,False,batter,0.0,0.0,0.0,0.0,0.0,0.0,0.0,0.0,0.0,0.0,0.0,0.0,0.0,0.0,0.0,0.0,0.0,0.0,0.0,0.0,0.0,0.0,0.0,0.0,0.0,0.0,0.0,0.0,0.0,0.0,0.0
Punjab Kings,Suryansh Shedge,False,all_rounder,3.8,13.9,16.4,0.3,0.3,3.5,3.6,0.0,3.0,0.0,0.0,0.0,0.0,0.0,25.2,48.7,0.0,1.0,0.0,0.3,1.0,0.0,0.0,0.0,0.0,0.0,0.0,1.0,0.0,0.0,0.0
Punjab Kings,Mitchell Owen,True,all_rounder,54.0,1107.0,580.0,78.0,92.0,52.0,51.0,6.0,11.0,20.0,7.0,3.0,2.0,1.0,376.0,626.0,27.0,118.0,0.0,16.0,1.0,1.0,5.0,3.0,1.0,1.0,0.0,26.0,0.0,3.0,4.0
Punjab Kings,Xavier Bartlett,True,bowler,49.0,345.0,252.0,26.0,20.0,32.0,24.0,4.0,16.0,5.0,2.0,0.0,0.0,0.0,916.0,1396.0,55.0,329.0,0.0,33.0,1.0,5.0,15.0,5.0,3.0,0.0,0.0,23.0,0.0,0.0,4.0
Punjab Kings,Lockie Ferguson,True,bowler,44.0,104.0,109.0,10.0,1.0,14.0,8.0,1.0,5.0,0.0,0.0,0.0,0.0,0.0,737.0,956.0,43.0,307.0,1.0,47.0,5.0,15.0,12.0,5.0,0.0,0.0,0.0,12.0,0.0,0.0,2.0
Punjab Kings,Vyshak Vijaykumar,False,bowler,0.0,0.0,0.0,0.0,0.0,0.0,0.0,0.0,0.0,0.0,0.0,0.0,0.0,0.0,0.0,0.0,0.0,0.0,0.0,0.0,0.0,0.0,0.0,0.0,0.0,0.0,0.0,0.0,0.0,0.0,0.0
Punjab Kings,Yash Thakur,False,bowler,3.0,0.0,1.5,0.0,0.0,0.5,0.6,0.6,0.6,0.0,0.0,0.0,0.0,0.0,58.5,102.1,3.1,10.0,0.0,3.9,1.3,0.0,0.6,0.3,0.3,0.0,0.0,0.0,0.0,0.0,0.0
Punjab Kings,Vishnu Vinod,False,wicketkeeper,9.4,223.7,200.3,18.3,6.6,8.5,7.3,0.0,1.0,4.0,1.0,0.0,0.0,0.0,115.0,164.0,7.0,52.0,1.0,6.0,0.0,0.0,2.0,2.0,1.0,0.0,0.0,10.0,0.0,0.0,2.0
Gujarat Titans,Jason Holder,True,all_rounder,80.0,1011.0,625.0,56.0,78.0,61.0,41.0,4.0,17.0,15.0,4.0,1.0,0.0,0.0,1731.0,2433.0,111.0,614.0,2.0,115.0,10.0,20.0,34.0,10.0,7.0,0.0,0.0,43.0,0.0,5.0,9.0
Gujarat Titans,Ashok Sharma,False,bowler,16.6,255.1,203.3,23.0,10.6,10.75,9.6,1.3,1.6,3.0,2.0,1.0,0.0,0.0,116.7,206.9,7.0,21.0,0.0,10.2,2.2,2.0,2.9,0.6,0.3,0.0,0.0,4.0,0.0,1.0,0.0
Gujarat Titans,Luke Wood,True,bowler,83.0,183.0,178.0,11.0,6.0,32.0,22.0,6.0,23.0,2.0,1.0,0.0,0.0,0.0,1617.0,2252.0,93.0,654.0,1.0,59.0,14.0,22.0,33.0,6.0,0.0,0.0,0.0,28.0,0.0,5.0,4.0
Gujarat Titans,Prithvi Raj Yarra,False,bowler,0.0,0.0,0.0,0.0,0.0,0.0,0.0,0.0,0.0,0.0,0.0,0.0,0.0,0.0,0.0,0.0,0.0,0.0,0.0,0.0,0.0,0.0,0.0,0.0,0.0,0.0,0.0,0.0,0.0,0.0,0.0
Gujarat Titans,Tom Banton,True,wicketkeeper,62.0,1624.0,1147.0,163.0,64.0,62.0,52.0,2.0,11.0,27.0,13.0,8.0,3.0,2.0,0.0,0.0,0.0,0.0,0.0,0.0,0.0,0.0,0.0,0.0,0.0,0.0,0.0,51.0,0.0,5.0,14.0
Gujarat Titans,Shubman Gill,False,batter,50.0,1277.0,965.0,124.0,30.0,48.0,39.0,1.0,12.0,22.0,11.0,7.0,3.0,0.0,224.0,234.0,7.0,107.0,1.0,8.0,0.0,3.0,1.0,0.0,0.0,0.0,0.0,19.0,0.0,0.0,3.0
Gujarat Titans,Sai Sudharsan,False,batter,15.0,759.0,486.0,88.0,21.0,15.0,14.0,0.0,2.0,12.0,10.0,5.0,3.0,1.0,0.0,0.0,0.0,0.0,0.0,0.0,0.0,0.0,0.0,0.0,0.0,0.0,0.0,7.0,0.0,0.0,3.0
Gujarat Titans,Kumar Kushagra,False,wicketkeeper,0.0,0.0,0.0,0.0,0.0,0.0,0.0,0.0,0.0,0.0,0.0,0.0,0.0,0.0,0.0,0.0,0.0,0.0,0.0,0.0,0.0,0.0,0.0,0.0,0.0,0.0,0.0,0.0,0.0,0.0,0.0
Gujarat Titans,Anuj Rawat,False,wicketkeeper,0.4,7.2,5.1,0.9,0.0,0.5,0.3,0.0,0.0,0.0,0.0,0.0,0.0,0.0,0.0,0.0,0.0,0.0,0.0,0.0,0.0,0.0,0.0,0.0,0.0,0.0,0.0,0.0,0.0,0.0,0.0
Gujarat Titans,Jos Buttler,True,wicketkeeper,60.0,1879.0,1236.0,180.0,84.0,60.0,54.0,5.0,14.0,30.0,19.0,10.0,4.0,0.0,0.0,0.0,0.0,0.0,0.0,0.0,0.0,0.0,0.0,0.0,0.0,0.0,0.0,41.0,10.0,8.0,10.0
Gujarat Titans,Nishant Sindhu,False,all_rounder,0.0,0.0,0.0,0.0,0.0,0.0,0.0,0.0,0.0,0.0,0.0,0.0,0.0,0.0,0.0,0.0,0.0,0.0,0.0,0.0,0.0,0.0,0.0,0.0,0.0,0.0,0.0,0.0,0.0,0.0,0.0
Gujarat Titans,Washington Sundar,False,all_rounder,13.0,237.0,155.0,18.0,13.0,10.0,9.0,0.0,1.0,4.0,3.0,0.0,0.0,0.0,145.0,221.0,6.0,36.0,0.0,4.0,0.0,2.0,1.0,1.0,0.0,0.0,0.0,7.0,0.0,0.0,1.0
Gujarat Titans,Arshad Khan,False,all_rounder,9.8,26.9,21.4,0.3,3.0,4.5,2.3,0.0,3.0,0.0,0.0,0.0,0.0,0.0,138.6,232.6,6.6,46.0,0.0,9.3,1.0,0.0,0.3,0.0,0.0,0.0,0.0,4.0,0.0,0.0,1.0
Gujarat Titans,Shahrukh Khan,False,batter,0.0,0.0,0.0,0.0,0.0,0.0,0.0,0.0,0.0,0.0,0.0,0.0,0.0,0.0,0.0,0.0,0.0,0.0,0.0,0.0,0.0,0.0,0.0,0.0,0.0,0.0,0.0,0.0,0.0,0.0,0.0
Gujarat Titans,Rahul Tewatia,False,all_rounder,11.0,99.0,59.0,6.0,7.0,12.0,8.0,3.0,4.0,0.0,0.0,0.0,0.0,0.0,0.0,0.0,0.0,0.0,0.0,0.0,0.0,0.0,0.0,0.0,0.0,0.0,0.0,4.0,0.0,0.0,0.0
Gujarat Titans,Kagiso Rabada,True,bowler,33.0,61.0,53.0,6.0,3.0,14.0,8.0,1.0,9.0,0.0,0.0,0.0,0.0,0.0,703.0,1019.0,34.0,292.0,3.0,40.0,11.0,7.0,11.0,1.0,1.0,0.0,0.0,6.0,0.0,0.0,1.0
Gujarat Titans,Mohammed Siraj,False,bowler,16.2,4.5,7.0,0.0,0.0,1.25,0.3,0.0,1.3,0.0,0.0,0.0,0.0,0.0,366.0,556.0,19.0,153.0,0.0,31.0,0.0,8.0,5.0,3.0,1.0,0.0,0.0,6.0,0.0,0.0,0.0
Gujarat Titans,Prasidh Krishna,False,bowler,15.0,0.0,0.0,0.0,0.0,0.0,0.0,0.0,0.0,0.0,0.0,0.0,0.0,0.0,354.0,488.0,25.0,135.0,0.0,11.0,0.0,3.0,9.0,2.0,1.0,0.0,0.0,4.0,0.0,0.0,0.0
Gujarat Titans,Ishant Sharma,False,bowler,7.0,0.0,0.0,0.0,0.0,0.0,0.0,0.0,0.0,0.0,0.0,0.0,0.0,0.0,110.0,205.0,4.0,30.0,0.0,7.0,0.0,1.0,0.0,0.0,0.0,0.0,0.0,2.0,0.0,0.0,0.0
Gujarat Titans,Gurnoor Singh Brar,False,all_rounder,0.0,0.0,0.0,0.0,0.0,0.0,0.0,0.0,0.0,0.0,0.0,0.0,0.0,0.0,0.0,0.0,0.0,0.0,0.0,0.0,0.0,0.0,0.0,0.0,0.0,0.0,0.0,0.0,0.0,0.0,0.0
Gujarat Titans,Rashid Khan,True,bowler,60.0,163.0,149.0,9.0,12.0,30.0,21.0,6.0,18.0,1.0,0.0,0.0,0.0,0.0,1203.0,1618.0,60.0,383.0,0.0,30.0,1.0,24.0,18.0,5.0,1.0,1.0,0.0,25.0,0.0,4.0,6.0
Gujarat Titans,Manav Suthar,False,all_rounder,0.0,0.0,0.0,0.0,0.0,0.0,0.0,0.0,0.0,0.0,0.0,0.0,0.0,0.0,0.0,0.0,0.0,0.0,0.0,0.0,0.0,0.0,0.0,0.0,0.0,0.0,0.0,0.0,0.0,0.0,0.0
Gujarat Titans,Sai Kishore,False,bowler,15.0,5.0,10.0,0.0,0.0,3.0,3.0,0.0,3.0,0.0,0.0,0.0,0.0,0.0,255.0,393.0,19.0,74.0,0.0,7.0,0.0,2.0,6.0,1.0,0.0,0.0,0.0,4.0,0.0,0.0,1.0
Gujarat Titans,Jayant Yadav,False,all_rounder,0.0,0.0,0.0,0.0,0.0,0.0,0.0,0.0,0.0,0.0,0.0,0.0,0.0,0.0,0.0,0.0,0.0,0.0,0.0,0.0,0.0,0.0,0.0,0.0,0.0,0.0,0.0,0.0,0.0,0.0,0.0
Gujarat Titans,Glenn Phillips,True,wicketkeeper,40.0,1194.0,789.0,101.0,63.0,38.0,30.0,1.0,4.0,18.0,12.0,5.0,1.0,0.0,252.0,423.0,10.0,63.0,0.0,11.0,1.0,1.0,2.0,0.0,0.0,0.0,0.0,33.0,0.0,3.0,8.0
Rajasthan Royals,Ravi Bishnoi,False,bowler,18.8,44.4,41.0,5.2,2.0,6.5,3.3,2.0,3.3,0.3,0.0,0.0,0.0,0.0,382.2,616.5,18.2,124.0,0.0,14.6,0.3,4.0,5.6,1.0,0.0,0.0,0.0,7.0,0.0,1.0,2.0
Rajasthan Royals,Ravi Singh,False,bowler,0.6,29.1,18.0,1.8,2.1,0.75,0.6,0.0,0.0,0.3,0.3,0.3,0.0,0.0,0.0,0.0,0.0,0.0,0.0,0.0,0.0,0.0,0.0,0.0,0.0,0.0,0.0,0.0,0.0,0.0,0.0
Rajasthan Royals,Sushant Mishra,False,bowler,15.0,17.0,19.0,3.0,0.0,6.0,4.0,3.0,5.0,0.0,0.0,0.0,0.0,0.0,298.0,376.0,11.0,112.0,0.0,24.0,2.0,7.0,3.0,1.0,1.0,0.0,0.0,1.0,0.0,0.0,0.0
Rajasthan Royals,Vignesh Puthur,False,bowler,5.0,0.0,0.0,0.0,0.0,0.0,0.0,0.0,0.0,0.0,0.0,0.0,0.0,0.0,72.0,109.0,6.0,24.0,0.0,1.0,0.0,0.0,1.0,1.0,0.0,0.0,0.0,1.0,0.0,0.0,0.0
Rajasthan Royals,Yash Raj Punja,False,batter,0.0,0.0,0.0,0.0,0.0,0.0,0.0,0.0,0.0,0.0,0.0,0.0,0.0,0.0,0.0,0.0,0.0,0.0,0.0,0.0,0.0,0.0,0.0,0.0,0.0,0.0,0.0,0.0,0.0,0.0,0.0
Rajasthan Royals,Aman Rao,False,batter,3.6,58.0,37.1,6.3,3.3,3.0,3.1,0.0,1.0,0.6,0.6,0.0,0.0,0.0,30.0,53.0,1.0,6.0,0.0,1.0,0.0,0.0,0.0,0.0,0.0,0.0,0.0,1.0,0.0,0.0,0.0
Rajasthan Royals,Brijesh Sharma,False,all_rounder,4.0,0.0,3.0,0.0,0.0,2.0,1.0,1.0,2.0,0.0,0.0,0.0,0.0,0.0,78.0,88.0,2.0,32.0,0.0,2.0,0.0,2.0,0.0,0.0,0.0,0.0,0.0,0.0,0.0,0.0,0.0
Rajasthan Royals,Kuldeep Sen,False,bowler,0.0,0.0,0.0,0.0,0.0,0.0,0.0,0.0,0.0,0.0,0.0,0.0,0.0,0.0,0.0,0.0,0.0,0.0,0.0,0.0,0.0,0.0,0.0,0.0,0.0,0.0,0.0,0.0,0.0,0.0,0.0
Rajasthan Royals,Adam Milne,True,bowler,39.0,57.0,52.0,4.0,3.0,11.0,7.0,2.0,5.0,0.0,0.0,0.0,0.0,0.0,761.0,1006.0,46.0,321.0,1.0,46.0,5.0,17.0,13.0,5.0,2.0,1.0,0.0,4.0,0.0,2.0,0.0
Rajasthan Royals,Ravindra Jadeja,False,all_rounder,14.0,301.0,222.0,25.0,10.0,14.0,9.0,1.0,3.0,4.0,2.0,1.0,0.0,0.0,227.0,324.0,10.0,76.0,0.0,3.0,2.0,1.0,2.0,0.0,0.0,0.0,0.0,6.0,0.0,1.0,0.0
Rajasthan Royals,Sam Curran,True,all_rounder,91.0,2383.0,1663.0,187.0,103.0,81.0,59.0,1.0,12.0,44.0,23.0,7.0,2.0,0.0,1991.0,2978.0,106.0,631.0,1.0,96.0,6.0,19.0,31.0,15.0,5.0,1.0,0.0,45.0,0.0,10.0,9.0
Rajasthan Royals,Shubham Dubey,False,batter,8.0,106.0,66.0,6.0,8.0,8.0,4.0,0.0,2.0,2.0,0.0,0.0,0.0,0.0,0.0,0.0,0.0,0.0,0.0,0.0,0.0,0.0,0.0,0.0,0.0,0.0,0.0,1.0,0.0,0.0,0.0
Rajasthan Royals,Vaibhav Suryavanshi,False,batter,7.0,252.0,122.0,18.0,24.0,7.0,7.0,1.0,2.0,4.0,3.0,1.0,1.0,1.0,0.0,0.0,0.0,0.0,0.0,0.0,0.0,0.0,0.0,0.0,0.0,0.0,0.0,0.0,0.0,0.0,0.0
Rajasthan Royals,Lhuan-Dre Pretorius,True,wicketkeeper,76.0,1345.0,929.0,134.0,57.0,67.0,59.0,9.0,25.0,24.0,11.0,3.0,3.0,0.0,639.0,952.0,36.0,234.0,1.0,35.0,4.0,9.0,11.0,3.0,0.0,0.0,0.0,27.0,1.0,4.0,6.0
Rajasthan Royals,Shimron Hetmyer,True,batter,67.0,1741.0,1022.0,123.0,112.0,67.0,56.0,4.0,12.0,25.0,18.0,9.0,2.0,0.0,0.0,0.0,0.0,0.0,0.0,0.0,0.0,0.0,0.0,0.0,0.0,0.0,0.0,50.0,0.0,1.0,13.0
Rajasthan Royals,Yashasvi Jaiswal,False,batter,14.0,559.0,350.0,60.0,28.0,14.0,13.0,0.0,2.0,10.0,7.0,4.0,0.0,0.0,0.0,0.0,0.0,0.0,0.0,0.0,0.0,0.0,0.0,0.0,0.0,0.0,0.0,10.0,0.0,0.0,1.0
Rajasthan Royals,Dhruv Jurel,False,wicketkeeper,15.0,339.0,222.0,22.0,22.0,15.0,11.0,1.0,5.0,7.0,3.0,1.0,0.0,0.0,0.0,0.0,0.0,0.0,0.0,0.0,0.0,0.0,0.0,0.0,0.0,0.0,0.0,13.0,0.0,2.0,2.0
Rajasthan Royals,Riyan Parag,False,all_rounder,14.0,397.0,238.0,28.0,27.0,14.0,12.0,0.0,2.0,8.0,2.0,1.0,1.0,0.0,120.0,170.0,3.0,29.0,0.0,9.0,0.0,0.0,0.0,0.0,0.0,0.0,0.0,8.0,0.0,1.0,2.0
Rajasthan Royals,Yudhvir Singh Charak,False,all_rounder,0.0,0.0,0.0,0.0,0.0,0.0,0.0,0.0,0.0,0.0,0.0,0.0,0.0,0.0,0.0,0.0,0.0,0.0,0.0,0.0,0.0,0.0,0.0,0.0,0.0,0.0,0.0,0.0,0.0,0.0,0.0
Rajasthan Royals,Jofra Archer,True,bowler,35.0,129.0,108.0,8.0,7.0,22.0,14.0,5.0,15.0,1.0,0.0,0.0,0.0,0.0,765.0,1159.0,41.0,320.0,2.0,53.0,5.0,7.0,13.0,3.0,0.0,0.0,0.0,12.0,0.0,0.0,3.0
Rajasthan Royals,Tushar Deshpande,False,bowler,10.0,7.0,8.0,0.0,0.0,4.0,1.0,0.0,4.0,0.0,0.0,0.0,0.0,0.0,192.0,340.0,9.0,57.0,0.0,20.0,0.0,0.0,3.0,1.0,0.0,0.0,0.0,2.0,0.0,0.0,0.0
Rajasthan Royals,Kwena Maphaka,True,bowler,29.0,37.0,44.0,3.0,2.0,10.0,3.0,3.0,8.0,0.0,0.0,0.0,0.0,0.0,583.0,933.0,26.0,205.0,0.0,63.0,8.0,6.0,7.0,2.0,1.0,0.0,0.0,11.0,0.0,0.0,3.0
Rajasthan Royals,Nandre Burger,True,bowler,18.0,34.0,39.0,4.0,0.0,5.0,3.0,0.0,2.0,0.0,0.0,0.0,0.0,0.0,395.0,549.0,20.0,150.0,1.0,31.0,4.0,5.0,6.0,1.0,0.0,0.0,0.0,2.0,0.0,0.0,0.0
Sunrisers Hyderabad,Salil Arora,False,wicketkeeper,0.0,0.0,0.0,0.0,0.0,0.0,0.0,0.0,0.0,0.0,0.0,0.0,0.0,0.0,0.0,0.0,0.0,0.0,0.0,0.0,0.0,0.0,0.0,0.0,0.0,0.0,0.0,0.0,0.0,0.0,0.0
Sunrisers Hyderabad,Shivang Kumar,False,batter,4.8,5.0,26.0,0.0,0.0,4.0,4.0,1.0,4.0,0.0,0.0,0.0,0.0,0.0,63.9,111.4,2.2,7.0,0.0,0.3,0.0,0.0,0.3,0.3,0.0,0.0,0.0,0.0,0.0,0.0,0.0
Sunrisers Hyderabad,Sakib Hussain,False,bowler,31.8,347.3,329.0,21.6,18.0,19.25,12.0,2.0,7.0,7.0,2.0,1.0,0.0,0.0,521.9,695.1,23.6,176.0,0.0,31.6,3.3,5.0,7.0,3.0,0.0,0.0,0.0,8.0,0.0,2.0,1.0
Sunrisers Hyderabad,Onkar Tarmale,False,all_rounder,0.0,0.0,0.0,0.0,0.0,0.0,0.0,0.0,0.0,0.0,0.0,0.0,0.0,0.0,0.0,0.0,0.0,0.0,0.0,0.0,0.0,0.0,0.0,0.0,0.0,0.0,0.0,0.0,0.0,0.0,0.0
Sunrisers Hyderabad,Krains Fuletra,False,bowler,0.0,0.0,0.0,0.0,0.0,0.0,0.0,0.0,0.0,0.0,0.0,0.0,0.0,0.0,0.0,0.0,0.0,0.0,0.0,0.0,0.0,0.0,0.0,0.0,0.0,0.0,0.0,0.0,0.0,0.0,0.0
Sunrisers Hyderabad,Praful Hinge,False,bowler,0.0,0.0,0.0,0.0,0.0,0.0,0.0,0.0,0.0,0.0,0.0,0.0,0.0,0.0,0.0,0.0,0.0,0.0,0.0,0.0,0.0,0.0,0.0,0.0,0.0,0.0,0.0,0.0,0.0,0.0,0.0
Sunrisers Hyderabad,Amit Kumar,False,batter,0.4,0.0,0.0,0.0,0.0,0.0,0.0,0.0,0.0,0.0,0.0,0.0,0.0,0.0,10.8,15.0,0.9,0.0,0.0,0.9,0.0,0.0,0.3,0.0,0.0,0.0,0.0,0.0,0.0,0.0,0.0
Sunrisers Hyderabad,Shivam Mavi,False,bowler,1.2,3.0,4.2,0.0,0.3,0.25,0.3,0.0,0.0,0.0,0.0,0.0,0.0,0.0,23.7,39.6,0.6,0.0,0.0,1.2,0.6,0.0,0.0,0.0,0.0,0.0,0.0,0.0,0.0,0.0,0.0
Sunrisers Hyderabad,Liam Livingstone,True,all_rounder,47.0,1023.0,699.0,48.0,74.0,46.0,37.0,4.0,12.0,15.0,9.0,4.0,2.0,0.0,406.0,583.0,22.0,115.0,0.0,5.0,0.0,3.0,7.0,1.0,0.0,0.0,0.0,13.0,0.0,1.0,1.0
Sunrisers Hyderabad,Jack Edwards,True,all_rounder,55.0,627.0,484.0,42.0,24.0,40.0,31.0,5.0,11.0,10.0,4.0,0.0,0.0,0.0,822.0,1058.0,55.0,315.0,1.0,36.0,3.0,19.0,15.0,6.0,3.0,2.0,0.0,25.0,3.0,2.0,4.0
Sunrisers Hyderabad,Pat Cummins,True,all_rounder,15.0,105.0,73.0,7.0,7.0,10.0,4.0,0.0,3.0,0.0,0.0,0.0,0.0,0.0,310.0,482.0,16.0,114.0,0.0,15.0,1.0,2.0,5.0,3.0,0.0,0.0,0.0,5.0,0.0,0.0,1.0
Sunrisers Hyderabad,Travis Head,True,batter,26.0,616.0,401.0,85.0,22.0,26.0,26.0,1.0,6.0,9.0,5.0,3.0,0.0,0.0,0.0,0.0,0.0,0.0,0.0,0.0,0.0,0.0,0.0,0.0,0.0,0.0,0.0,4.0,0.0,1.0,1.0
Sunrisers Hyderabad,Abhishek Sharma,False,all_rounder,49.2,1624.0,835.4,163.6,105.0,47.5,45.6,6.0,9.3,25.0,14.0,10.0,3.0,2.0,154.8,247.0,5.8,39.0,0.0,2.9,0.3,0.0,1.6,0.3,0.0,0.0,0.0,25.0,0.0,0.0,5.0
Sunrisers Hyderabad,Aniket Verma,False,batter,20.0,498.0,317.0,21.0,40.0,20.0,15.0,1.0,3.0,8.0,4.0,2.0,1.0,0.0,42.0,53.0,2.0,21.0,0.0,0.0,0.0,0.0,1.0,0.0,0.0,0.0,0.0,11.0,0.0,1.0,2.0
Sunrisers Hyderabad,R. Smaran,False,batter,0.8,65.1,39.6,3.6,3.6,1.0,0.9,0.0,0.0,1.2,0.9,0.6,0.0,0.0,0.0,0.0,0.0,0.0,0.0,0.0,0.0,0.0,0.0,0.0,0.0,0.0,0.0,0.0,0.0,0.0,0.0
Sunrisers Hyderabad,Ishan Kishan,False,wicketkeeper,27.2,963.4,527.7,97.0,53.5,27.5,24.5,2.0,6.0,14.2,8.6,6.3,3.3,2.3,1.0,4.0,0.0,0.0,0.0,0.0,0.0,0.0,0.0,0.0,0.0,0.0,0.0,15.0,2.0,3.0,3.0
Sunrisers Hyderabad,Heinrich Klaasen,True,wicketkeeper,46.0,1116.0,774.0,79.0,61.0,46.0,40.0,2.0,10.0,20.0,7.0,4.0,1.0,1.0,0.0,0.0,0.0,0.0,0.0,0.0,0.0,0.0,0.0,0.0,0.0,0.0,0.0,17.0,0.0,3.0,2.0
Sunrisers Hyderabad,Nitish Kumar Reddy,False,all_rounder,16.0,182.0,153.0,16.0,4.0,11.0,8.0,1.0,4.0,3.0,0.0,0.0,0.0,0.0,126.0,132.0,3.0,59.0,0.0,6.0,0.0,1.0,0.0,0.0,0.0,0.0,0.0,9.0,0.0,1.0,2.0
Sunrisers Hyderabad,Harsh Dubey,False,all_rounder,3.0,0.0,0.0,0.0,0.0,0.0,0.0,0.0,0.0,0.0,0.0,0.0,0.0,0.0,60.0,98.0,5.0,18.0,0.0,1.0,0.0,2.0,1.0,1.0,0.0,0.0,0.0,0.0,0.0,0.0,0.0
Sunrisers Hyderabad,Kamindu Mendis,True,all_rounder,55.0,1423.0,1102.0,123.0,49.0,51.0,45.0,1.0,8.0,27.0,11.0,5.0,2.0,1.0,379.0,491.0,30.0,132.0,0.0,9.0,1.0,8.0,8.0,3.0,1.0,1.0,0.0,36.0,8.0,18.0,8.0
Sunrisers Hyderabad,Harshal Patel,False,bowler,14.0,22.0,33.0,0.0,0.0,5.0,2.0,0.0,4.0,0.0,0.0,0.0,0.0,0.0,263.0,430.0,16.0,82.0,0.0,23.0,4.0,3.0,3.0,2.0,2.0,0.0,0.0,4.0,0.0,1.0,0.0
Sunrisers Hyderabad,Brydon Carse,True,all_rounder,10.0,46.0,35.0,2.0,3.0,6.0,4.0,1.0,4.0,1.0,0.0,0.0,0.0,0.0,196.0,320.0,14.0,72.0,0.0,6.0,7.0,2.0,4.0,2.0,0.0,0.0,0.0,6.0,0.0,0.0,1.0
Sunrisers Hyderabad,Jaydev Unadkat,False,bowler,7.0,0.0,0.0,0.0,0.0,0.0,0.0,0.0,0.0,0.0,0.0,0.0,0.0,0.0,143.0,175.0,11.0,52.0,0.0,3.0,0.0,1.0,3.0,2.0,0.0,0.0,0.0,0.0,0.0,1.0,0.0
Sunrisers Hyderabad,Eshan Malinga,True,bowler,22.0,9.0,14.0,0.0,1.0,5.0,3.0,1.0,4.0,0.0,0.0,0.0,0.0,0.0,463.0,662.0,35.0,169.0,0.0,41.0,3.0,12.0,12.0,3.0,1.0,0.0,0.0,6.0,0.0,1.0,1.0
Sunrisers Hyderabad,Zeeshan Ansari,False,bowler,10.0,0.0,0.0,0.0,0.0,0.0,0.0,0.0,0.0,0.0,0.0,0.0,0.0,0.0,203.0,333.0,6.0,47.0,0.0,5.0,1.0,1.0,1.0,1.0,0.0,0.0,0.0,3.0,0.0,1.0,1.0
Lucknow Super Giants,Josh Inglis,True,wicketkeeper,31.0,659.0,420.0,70.0,32.0,31.0,26.0,2.0,8.0,12.0,4.0,2.0,0.0,0.0,0.0,0.0,0.0,0.0,0.0,0.0,0.0,0.0,0.0,0.0,0.0,0.0,0.0,32.0,4.0,3.0,8.0
Lucknow Super Giants,Mukul Choudhary,False,bowler,0.0,0.0,0.0,0.0,0.0,0.0,0.0,0.0,0.0,0.0,0.0,0.0,0.0,0.0,0.0,0.0,0.0,0.0,0.0,0.0,0.0,0.0,0.0,0.0,0.0,0.0,0.0,0.0,0.0,0.0,0.0
Lucknow Super Giants,Akshat Raghuwanshi,False,batter,0.0,0.0,0.0,0.0,0.0,0.0,0.0,0.0,0.0,0.0,0.0,0.0,0.0,0.0,0.0,0.0,0.0,0.0,0.0,0.0,0.0,0.0,0.0,0.0,0.0,0.0,0.0,0.0,0.0,0.0,0.0
Lucknow Super Giants,Anrich Nortje,True,bowler,18.0,21.0,20.0,0.0,1.0,4.0,3.0,0.0,3.0,0.0,0.0,0.0,0.0,0.0,393.0,538.0,22.0,154.0,0.0,20.0,3.0,5.0,6.0,2.0,1.0,0.0,0.0,1.0,0.0,0.0,0.0
Lucknow Super Giants,Wanindu Hasaranga,True,all_rounder,0.0,0.0,0.0,0.0,0.0,0.0,0.0,0.0,0.0,0.0,0.0,0.0,0.0,0.0,0.0,0.0,0.0,0.0,0.0,0.0,0.0,0.0,0.0,0.0,0.0,0.0,0.0,0.0,0.0,0.0,0.0
Lucknow Super Giants,Naman Tiwari,False,bowler,0.0,0.0,0.0,0.0,0.0,0.0,0.0,0.0,0.0,0.0,0.0,0.0,0.0,0.0,0.0,0.0,0.0,0.0,0.0,0.0,0.0,0.0,0.0,0.0,0.0,0.0,0.0,0.0,0.0,0.0,0.0
Lucknow Super Giants,Mohammed Shami,False,bowler,11.6,21.8,23.7,1.6,1.0,6.75,2.6,0.0,4.6,0.0,0.0,0.0,0.0,0.0,213.0,387.0,9.0,67.0,0.0,10.0,2.0,0.0,2.0,1.0,0.0,0.0,0.0,2.0,0.0,0.0,0.0
Lucknow Super Giants,Arjun Tendulkar,False,all_rounder,0.0,0.0,0.0,0.0,0.0,0.0,0.0,0.0,0.0,0.0,0.0,0.0,0.0,0.0,0.0,0.0,0.0,0.0,0.0,0.0,0.0,0.0,0.0,0.0,0.0,0.0,0.0,0.0,0.0,0.0,0.0
Lucknow Super Giants,Abdul Samad,False,batter,30.4,318.0,219.0,19.3,20.3,24.5,16.6,0.0,12.0,5.0,3.0,0.0,0.0,0.0,188.0,178.0,11.0,112.0,3.0,3.0,2.0,5.0,4.0,0.0,0.0,0.0,0.0,15.0,0.0,1.0,2.0
Lucknow Super Giants,Ayush Badoni,False,batter,13.0,329.0,222.0,27.0,14.0,11.0,10.0,0.0,2.0,7.0,3.0,1.0,0.0,0.0,10.0,13.0,2.0,3.0,0.0,0.0,0.0,2.0,1.0,0.0,0.0,0.0,0.0,4.0,0.0,0.0,0.0
Lucknow Super Giants,Aiden Markram,True,all_rounder,52.0,1688.0,1136.0,154.0,70.0,52.0,45.0,3.0,8.0,27.0,18.0,11.0,5.0,1.0,294.0,438.0,13.0,85.0,0.0,11.0,0.0,4.0,2.0,0.0,0.0,0.0,0.0,25.0,0.0,1.0,5.0
Lucknow Super Giants,Matthew Breetzke,True,batter,32.0,832.0,652.0,72.0,33.0,32.0,30.0,0.0,8.0,12.0,8.0,4.0,2.0,0.0,0.0,0.0,0.0,0.0,0.0,0.0,0.0,0.0,0.0,0.0,0.0,0.0,0.0,15.0,0.0,1.0,2.0
Lucknow Super Giants,Himmat Singh,False,batter,42.4,301.6,232.1,18.0,18.3,31.5,26.3,5.0,14.3,4.0,1.0,0.0,0.0,0.0,729.0,864.0,40.0,263.0,1.0,30.0,0.0,10.0,11.0,5.0,1.0,0.0,0.0,15.0,0.0,1.0,1.0
Lucknow Super Giants,Rishabh Pant,False,wicketkeeper,13.0,269.0,202.0,23.0,16.0,13.0,11.0,2.0,6.0,2.0,2.0,2.0,1.0,1.0,0.0,0.0,0.0,0.0,0.0,0.0,0.0,0.0,0.0,0.0,0.0,0.0,0.0,5.0,1.0,1.0,1.0
Lucknow Super Giants,Nicholas Pooran,True,wicketkeeper,67.0,2030.0,1376.0,142.0,130.0,67.0,55.0,1.0,8.0,32.0,24.0,10.0,3.0,1.0,0.0,0.0,0.0,0.0,0.0,0.0,0.0,0.0,0.0,0.0,0.0,0.0,0.0,37.0,5.0,7.0,6.0
Lucknow Super Giants,Mitchell Marsh,True,all_rounder,44.0,1578.0,1020.0,143.0,94.0,44.0,41.0,5.0,9.0,22.0,17.0,11.0,6.0,3.0,0.0,0.0,0.0,0.0,0.0,0.0,0.0,0.0,0.0,0.0,0.0,0.0,0.0,13.0,0.0,0.0,2.0
Lucknow Super Giants,Shahbaz Ahmed,False,all_rounder,65.0,1264.0,1033.5,79.5,58.6,54.25,32.9,3.6,14.9,19.3,13.0,4.0,0.0,0.0,437.0,562.0,15.0,174.0,0.0,14.0,1.0,8.0,3.0,2.0,0.0,0.0,0.0,19.0,0.0,6.0,3.0
Lucknow Super Giants,Arshin Kulkarni,False,all_rounder,0.0,0.0,0.0,0.0,0.0,0.0,0.0,0.0,0.0,0.0,0.0,0.0,0.0,0.0,0.0,0.0,0.0,0.0,0.0,0.0,0.0,0.0,0.0,0.0,0.0,0.0,0.0,0.0,0.0,0.0,0.0
Lucknow Super Giants,Mayank Yadav,False,bowler,0.2,0.0,0.0,0.0,0.0,0.0,0.0,0.0,0.0,0.0,0.0,0.0,0.0,0.0,3.6,7.8,0.0,0.0,0.0,0.3,0.0,0.0,0.0,0.0,0.0,0.0,0.0,0.0,0.0,0.0,0.0
Lucknow Super Giants,Avesh Khan,False,bowler,13.0,21.0,12.0,3.0,1.0,3.0,1.0,1.0,2.0,0.0,0.0,0.0,0.0,0.0,284.0,487.0,13.0,77.0,0.0,10.0,0.0,2.0,3.0,1.0,0.0,0.0,0.0,2.0,0.0,0.0,0.0
Lucknow Super Giants,Mohsin Khan,False,bowler,0.0,0.0,0.0,0.0,0.0,0.0,0.0,0.0,0.0,0.0,0.0,0.0,0.0,0.0,0.0,0.0,0.0,0.0,0.0,0.0,0.0,0.0,0.0,0.0,0.0,0.0,0.0,0.0,0.0,0.0,0.0
Lucknow Super Giants,Manimaran Siddharth,False,bowler,3.0,5.0,3.0,1.0,0.0,1.0,1.0,0.0,1.0,0.0,0.0,0.0,0.0,0.0,54.0,81.0,2.0,15.0,0.0,2.0,0.0,1.0,1.0,0.0,0.0,0.0,0.0,1.0,0.0,0.0,0.0
Lucknow Super Giants,Digvesh Rathi,False,bowler,13.0,1.0,3.0,0.0,0.0,1.0,1.0,0.0,1.0,0.0,0.0,0.0,0.0,0.0,312.0,429.0,14.0,95.0,0.0,11.0,2.0,2.0,4.0,0.0,0.0,0.0,0.0,3.0,0.0,0.0,0.0
Lucknow Super Giants,Prince Yadav,False,bowler,7.4,5.3,10.6,0.0,0.0,2.25,0.3,0.0,2.3,0.0,0.0,0.0,0.0,0.0,179.0,281.7,5.4,42.0,0.0,7.6,0.3,3.0,0.9,0.3,0.0,0.0,0.0,3.0,0.0,2.0,1.0
Lucknow Super Giants,Akash Singh,False,bowler,3.8,0.0,0.0,0.0,0.0,0.0,0.0,0.0,0.0,0.0,0.0,0.0,0.0,0.0,90.4,132.9,4.6,20.0,0.0,1.5,0.0,1.0,1.0,0.0,0.0,0.0,0.0,0.0,0.0,0.0,0.0
Delhi Capitals,Auqib Nabi Dar,False,all_rounder,2.0,106.0,35.0,2.0,13.0,2.0,0.0,0.0,0.0,1.0,1.0,1.0,1.0,0.0,6.0,9.0,0.0,1.0,0.0,1.0,0.0,0.0,0.0,0.0,0.0,0.0,0.0,1.0,0.0,1.0,0.0
Delhi Capitals,Pathum Nissanka,True,batter,36.0,1215.0,776.0,111.0,55.0,36.0,34.0,3.0,5.0,16.0,13.0,7.0,4.0,2.0,0.0,0.0,0.0,0.0,0.0,0.0,0.0,0.0,0.0,0.0,0.0,0.0,0.0,10.0,0.0,0.0,2.0
Delhi Capitals,Ben Duckett,True,batter,21.0,443.0,312.0,56.0,12.0,21.0,20.0,4.0,8.0,6.0,4.0,2.0,1.0,0.0,0.0,0.0,0.0,0.0,0.0,0.0,0.0,0.0,0.0,0.0,0.0,0.0,0.0,16.0,0.0,0.0,4.0
Delhi Capitals,David Miller,True,batter,40.0,909.0,620.0,65.0,46.0,40.0,23.0,1.0,6.0,15.0,6.0,2.0,0.0,0.0,0.0,0.0,0.0,0.0,0.0,0.0,0.0,0.0,0.0,0.0,0.0,0.0,0.0,23.0,0.0,1.0,3.0
Delhi Capitals,Lungi Ngidi,True,bowler,38.0,30.0,40.0,2.0,1.0,13.0,4.0,2.0,11.0,0.0,0.0,0.0,0.0,0.0,796.0,1098.0,38.0,328.0,1.0,18.0,1.0,8.0,7.0,5.0,1.0,0.0,0.0,4.0,0.0,1.0,0.0
Delhi Capitals,Sahil Parakh,False,batter,0.0,0.0,0.0,0.0,0.0,0.0,0.0,0.0,0.0,0.0,0.0,0.0,0.0,0.0,0.0,0.0,0.0,0.0,0.0,0.0,0.0,0.0,0.0,0.0,0.0,0.0,0.0,0.0,0.0,0.0,0.0
Delhi Capitals,Prithvi Shaw,False,batter,25.0,252.0,203.0,22.0,8.0,20.0,14.0,3.0,8.0,3.0,0.0,0.0,0.0,0.0,210.0,305.0,17.0,67.0,0.0,2.0,2.0,4.0,6.0,3.0,0.0,0.0,0.0,9.0,0.0,1.0,2.0
Delhi Capitals,Kyle Jamieson,True,bowler,38.0,100.0,94.0,6.0,1.0,23.0,12.0,2.0,17.0,0.0,0.0,0.0,0.0,0.0,825.0,1164.0,40.0,359.0,3.0,46.0,7.0,6.0,9.0,4.0,1.0,0.0,0.0,8.0,0.0,0.0,1.0
Delhi Capitals,Nitish Rana,False,batter,44.0,272.0,211.0,31.0,9.0,26.0,15.0,2.0,14.0,3.0,2.0,1.0,1.0,0.0,597.0,828.0,26.0,229.0,1.0,48.0,4.0,7.0,6.0,3.0,0.0,0.0,0.0,11.0,0.0,3.0,3.0
Delhi Capitals,Axar Patel,False,all_rounder,59.0,484.0,381.0,37.0,20.0,36.0,28.0,6.0,13.0,6.0,1.0,0.0,0.0,0.0,1023.0,1282.0,57.0,387.0,3.0,21.0,0.0,17.0,19.0,4.0,1.0,0.0,0.0,19.0,0.0,6.0,5.0
Delhi Capitals,KL Rahul,False,wicketkeeper,13.0,546.0,363.0,53.0,21.0,13.0,10.0,0.0,0.0,8.0,6.0,3.0,2.0,1.0,0.0,0.0,0.0,0.0,0.0,0.0,0.0,0.0,0.0,0.0,0.0,0.0,0.0,3.0,0.0,3.0,1.0
Delhi Capitals,Abishek Porel,False,wicketkeeper,14.4,368.5,243.4,36.7,14.7,14.75,14.1,1.0,2.0,8.2,3.2,0.0,0.0,0.0,0.0,0.0,0.0,0.0,0.0,0.0,0.0,0.0,0.0,0.0,0.0,0.0,0.0,3.0,0.0,2.0,0.0
Delhi Capitals,Tristan Stubbs,True,wicketkeeper,46.0,1026.0,772.0,61.0,37.0,46.0,25.0,0.0,8.0,20.0,6.0,1.0,0.0,0.0,27.0,51.0,0.0,11.0,0.0,0.0,0.0,0.0,0.0,0.0,0.0,0.0,0.0,42.0,3.0,1.0,10.0
Delhi Capitals,Karun Nair,False,batter,9.0,198.0,116.0,24.0,10.0,9.0,9.0,3.0,4.0,3.0,2.0,1.0,1.0,0.0,0.0,0.0,0.0,0.0,0.0,0.0,0.0,0.0,0.0,0.0,0.0,0.0,0.0,2.0,0.0,2.0,0.0
Delhi Capitals,Sameer Rizvi,False,batter,4.4,135.1,89.5,12.2,7.9,4.5,3.6,0.0,1.0,2.3,1.0,0.0,0.0,0.0,0.0,0.0,0.0,0.0,0.0,0.0,0.0,0.0,0.0,0.0,0.0,0.0,0.0,2.0,0.0,0.0,0.0
Delhi Capitals,Ashutosh Sharma,False,batter,9.0,204.0,127.0,14.0,13.0,9.0,7.0,0.0,2.0,3.0,2.0,1.0,0.0,0.0,0.0,0.0,0.0,0.0,0.0,0.0,0.0,0.0,0.0,0.0,0.0,0.0,0.0,2.0,0.0,0.0,1.0
Delhi Capitals,Vipraj Nigam,False,all_rounder,14.0,142.0,79.0,16.0,8.0,8.0,7.0,1.0,2.0,2.0,0.0,0.0,0.0,0.0,234.0,356.0,11.0,72.0,0.0,7.0,4.0,3.0,5.0,0.0,0.0,0.0,0.0,3.0,0.0,2.0,0.0
Delhi Capitals,Madhav Tiwari,False,all_rounder,2.0,3.0,4.0,0.0,0.0,1.0,1.0,0.0,1.0,0.0,0.0,0.0,0.0,0.0,6.0,14.0,0.0,0.0,0.0,0.0,0.0,0.0,0.0,0.0,0.0,0.0,0.0,2.0,0.0,0.0,0.0
Delhi Capitals,Tripurana Vijay,False,all_rounder,3.0,42.0,34.0,8.0,0.0,3.0,3.0,0.0,0.0,0.0,0.0,0.0,0.0,0.0,0.0,0.0,0.0,0.0,0.0,0.0,0.0,0.0,0.0,0.0,0.0,0.0,0.0,4.0,0.0,0.0,1.0
Delhi Capitals,Ajay Mandal,False,all_rounder,0.0,0.0,0.0,0.0,0.0,0.0,0.0,0.0,0.0,0.0,0.0,0.0,0.0,0.0,0.0,0.0,0.0,0.0,0.0,0.0,0.0,0.0,0.0,0.0,0.0,0.0,0.0,0.0,0.0,0.0,0.0
Delhi Capitals,Kuldeep Yadav,False,bowler,27.0,20.0,28.0,2.0,0.0,8.0,5.0,1.0,7.0,0.0,0.0,0.0,0.0,0.0,585.0,725.0,41.0,208.0,0.0,17.0,2.0,9.0,13.0,5.0,2.0,0.0,0.0,2.0,0.0,0.0,0.0
Delhi Capitals,Mitchell Starc,True,bowler,17.0,8.0,13.0,0.0,0.0,7.0,2.0,1.0,7.0,0.0,0.0,0.0,0.0,0.0,353.0,560.0,24.0,137.0,0.0,35.0,4.0,5.0,6.0,4.0,2.0,1.0,0.0,8.0,0.0,0.0,0.0
Delhi Capitals,T. Natarajan,False,bowler,2.8,0.3,0.9,0.0,0.0,0.25,0.3,0.0,0.3,0.0,0.0,0.0,0.0,0.0,44.8,72.5,2.5,5.0,0.0,0.3,0.0,0.0,0.6,0.0,0.0,0.0,0.0,0.0,0.0,0.0,0.0
Delhi Capitals,Mukesh Kumar,False,bowler,41.2,487.0,456.6,32.0,16.0,26.25,21.0,1.0,6.0,8.0,1.0,0.0,0.0,0.0,507.0,685.0,28.0,201.0,2.0,27.0,2.0,8.0,8.0,2.0,1.0,0.0,0.0,27.0,0.0,0.0,5.0
Delhi Capitals,Dushmantha Chameera,True,bowler,40.0,30.0,63.0,0.0,0.0,13.0,9.0,4.0,10.0,0.0,0.0,0.0,0.0,0.0,872.0,1214.0,59.0,329.0,1.0,31.0,5.0,22.0,15.0,7.0,2.0,1.0,0.0,8.0,0.0,0.0,1.0
